{"cameraMode":{"drawMode":0,"name":"Shaded","section":"Shading Mode"},"sceneLighting":false,"audioPlay":false,"sceneViewState":{"m_AlwaysRefresh":false,"showFog":false,"showSkybox":false,"showFlares":false,"showImageEffects":false,"showParticleSystems":false,"showVisualEffectGraphs":true,"m_FxEnabled":true},"in2DMode":false,"pivot":{"x":-0.12331190705299378,"y":1.0368183851242066,"z":-0.1220126748085022},"rotation":{"x":0.004095980431884527,"y":0.9835233688354492,"z":-0.17990660667419434,"w":0.02206280454993248},"size":1.437505841255188,"orthographic":false}