{"cameraMode":{"drawMode":0,"name":"Shaded","section":"Shading Mode"},"sceneLighting":false,"audioPlay":false,"sceneViewState":{"m_AlwaysRefresh":false,"showFog":true,"showSkybox":false,"showFlares":true,"showImageEffects":true,"showParticleSystems":true,"showVisualEffectGraphs":true,"m_FxEnabled":true},"in2DMode":false,"pivot":{"x":-0.5495766401290894,"y":2.6877808570861818,"z":1.6695046424865723},"rotation":{"x":-0.18819332122802735,"y":0.07821160554885864,"z":-0.01510973647236824,"w":-0.9789886474609375},"size":2.4578094482421877,"orthographic":false}