{"cameraMode":{"drawMode":0,"name":"Shaded","section":"Shading Mode"},"sceneLighting":true,"audioPlay":false,"sceneViewState":{"m_AlwaysRefresh":false,"showFog":true,"showSkybox":true,"showFlares":true,"showImageEffects":true,"showParticleSystems":true,"showVisualEffectGraphs":true,"m_FxEnabled":true},"in2DMode":false,"pivot":{"x":-0.3392237424850464,"y":1.3938205242156983,"z":0.3585093021392822},"rotation":{"x":0.02488970197737217,"y":-0.02908734790980816,"z":0.0007165113929659128,"w":0.9992821216583252},"size":1.5620204210281373,"orthographic":false}