{"cameraMode":{"drawMode":0,"name":"Shaded","section":"Shading Mode"},"sceneLighting":true,"audioPlay":false,"sceneViewState":{"m_AlwaysRefresh":false,"showFog":true,"showSkybox":true,"showFlares":true,"showImageEffects":true,"showParticleSystems":true,"showVisualEffectGraphs":true,"m_FxEnabled":true},"in2DMode":false,"pivot":{"x":117.67733001708985,"y":349.8214111328125,"z":-36.64085388183594},"rotation":{"x":-0.18811680376529694,"y":-0.025929398834705354,"z":0.004963579587638378,"w":-0.981797993183136},"size":94.39009857177735,"orthographic":false}