{"cameraMode":{"drawMode":0,"name":"Shaded","section":"Shading Mode"},"sceneLighting":true,"audioPlay":false,"sceneViewState":{"m_AlwaysRefresh":false,"showFog":true,"showSkybox":true,"showFlares":true,"showImageEffects":true,"showParticleSystems":true,"showVisualEffectGraphs":true,"m_FxEnabled":true},"in2DMode":false,"pivot":{"x":0.6175207495689392,"y":14.156431198120118,"z":-16.448257446289064},"rotation":{"x":-0.3824616074562073,"y":0.00018846547754947096,"z":-0.00015911983791738749,"w":-0.9240690469741821},"size":3.563093662261963,"orthographic":false}